{"epochs": 5, "loss": 0.006849814765155315, "val_loss": 0.005698408558964729, "_timestamp": 1657786131, "_runtime": 185, "_step": 0, "_wandb": {"runtime": 184}}